,Country,POL,Year,Value
0,Australia,SOX,1990,1585.187
1,Australia,SOX,1991,1569.962
2,Australia,SOX,1992,1652.023
3,Australia,SOX,1993,1742.301
4,Australia,SOX,1994,1764.29
5,Australia,SOX,1995,1673.394
6,Australia,SOX,1996,1761.397
7,Australia,SOX,1997,1817.485
8,Australia,SOX,1998,1742.829
9,Australia,SOX,1999,1831.736
10,Australia,SOX,2000,2342.481
11,Australia,SOX,2001,2584.435
12,Australia,SOX,2002,2774.853
13,Australia,SOX,2003,2774.556
14,Australia,SOX,2004,2512.307
15,Australia,SOX,2005,2520.124
16,Australia,SOX,2006,2482.611
17,Australia,SOX,2007,2444.737
18,Australia,SOX,2008,2512.359
19,Australia,SOX,2009,2597.916
20,Australia,SOX,2010,2378.108
21,Australia,SOX,2011,2507.008
22,Australia,SOX,2012,2518.091
23,Australia,SOX,2013,2414.181
24,Australia,SOX,2014,2499.707
25,Australia,SOX,2015,2384.848
26,Australia,SOX,2016,2465.66
27,Australia,SOX,2017,2287.733
28,Australia,SOX,2018,2083.047
29,Australia,SOX,2019,2152.252
461,Australia,NOX,1990,1620.455
462,Australia,NOX,1991,1595.685
463,Australia,NOX,1992,1641.505
464,Australia,NOX,1993,1684.372
465,Australia,NOX,1994,1686.574
466,Australia,NOX,1995,1693.053
467,Australia,NOX,1996,1744.622
468,Australia,NOX,1997,1797.993
469,Australia,NOX,1998,1835.052
470,Australia,NOX,1999,1866.879
471,Australia,NOX,2000,1875.345
472,Australia,NOX,2001,1959.555
473,Australia,NOX,2002,2039.442
474,Australia,NOX,2003,2121.049
475,Australia,NOX,2004,2174.42
476,Australia,NOX,2005,2194.272
477,Australia,NOX,2006,2204.723
478,Australia,NOX,2007,2213.795
479,Australia,NOX,2008,2266.42
480,Australia,NOX,2009,2250.388
481,Australia,NOX,2010,2340.436
482,Australia,NOX,2011,2291.206
483,Australia,NOX,2012,2438.566
484,Australia,NOX,2013,2506.937
485,Australia,NOX,2014,2526.549
486,Australia,NOX,2015,2543.935
487,Australia,NOX,2016,2609.507
488,Australia,NOX,2017,2686.69
489,Australia,NOX,2018,2770.321
490,Australia,NOX,2019,2729.413
924,Australia,CO,1990,5728.572
925,Australia,CO,1991,5747.153
926,Australia,CO,1992,5896.438
927,Australia,CO,1993,6120.59
928,Australia,CO,1994,6262.886
929,Australia,CO,1995,6107.786
930,Australia,CO,1996,6281.752
931,Australia,CO,1997,6297.416
932,Australia,CO,1998,5941.04
933,Australia,CO,1999,5803.739
934,Australia,CO,2000,5386.853
935,Australia,CO,2001,5122.086
936,Australia,CO,2002,4986.231
937,Australia,CO,2003,4499.31
938,Australia,CO,2004,4593.223
939,Australia,CO,2005,3973.063
940,Australia,CO,2006,3943.662
941,Australia,CO,2007,3381.214
942,Australia,CO,2008,3226.089
943,Australia,CO,2009,3156.706
944,Australia,CO,2010,2993.122
945,Australia,CO,2011,2940.926
946,Australia,CO,2012,2906.313
947,Australia,CO,2013,2842.224
948,Australia,CO,2014,2772.519
949,Australia,CO,2015,2721.182
950,Australia,CO,2016,2657.939
951,Australia,CO,2017,2801.087
952,Australia,CO,2018,2568.472
953,Australia,CO,2019,2398.667
1387,Australia,NMVOC,1990,1514.639
1388,Australia,NMVOC,1991,1506.22
1389,Australia,NMVOC,1992,1510.862
1390,Australia,NMVOC,1993,1528.016
1391,Australia,NMVOC,1994,1539.812
1392,Australia,NMVOC,1995,1522.776
1393,Australia,NMVOC,1996,1492.444
1394,Australia,NMVOC,1997,1490.448
1395,Australia,NMVOC,1998,1479.754
1396,Australia,NMVOC,1999,1447.612
1397,Australia,NMVOC,2000,1415.563
1398,Australia,NMVOC,2001,1405.297
1399,Australia,NMVOC,2002,1420.283
1400,Australia,NMVOC,2003,1248.494
1401,Australia,NMVOC,2004,1256.756
1402,Australia,NMVOC,2005,1234.237
1403,Australia,NMVOC,2006,1241.931
1404,Australia,NMVOC,2007,1202.335
1405,Australia,NMVOC,2008,1198.514
1406,Australia,NMVOC,2009,1210.964
1407,Australia,NMVOC,2010,1195.317
1408,Australia,NMVOC,2011,1206.222
1409,Australia,NMVOC,2012,1214.663
1410,Australia,NMVOC,2013,1227.379
1411,Australia,NMVOC,2014,1254.081
1412,Australia,NMVOC,2015,1282.875
1413,Australia,NMVOC,2016,1257.956
1414,Australia,NMVOC,2017,1302.548
1415,Australia,NMVOC,2018,1262.473
1416,Australia,NMVOC,2019,1175.369
6824,Canada,SOX,1990,3010.727
6825,Canada,SOX,1991,2793.195
6826,Canada,SOX,1992,2670.819
6827,Canada,SOX,1993,2582.736
6828,Canada,SOX,1994,2371.136
6829,Canada,SOX,1995,2504.469
6830,Canada,SOX,1996,2513.487
6831,Canada,SOX,1997,2462.94
6832,Canada,SOX,1998,2429.073
6833,Canada,SOX,1999,2327.888
6834,Canada,SOX,2000,2331.518
6835,Canada,SOX,2001,2309.128
6836,Canada,SOX,2002,2266.424
6837,Canada,SOX,2003,2196.583
6838,Canada,SOX,2004,2207.232
6839,Canada,SOX,2005,2092.993
6840,Canada,SOX,2006,1891.732
6841,Canada,SOX,2007,1845.367
6842,Canada,SOX,2008,1660.104
6843,Canada,SOX,2009,1396.741
6844,Canada,SOX,2010,1288.007
6845,Canada,SOX,2011,1205.635
6846,Canada,SOX,2012,1200.601
6847,Canada,SOX,2013,1193.801
6848,Canada,SOX,2014,1153.102
6849,Canada,SOX,2015,1074.699
6850,Canada,SOX,2016,1052.445
6851,Canada,SOX,2017,958.499
6852,Canada,SOX,2018,814.21
6853,Canada,SOX,2019,714.685
7289,Canada,NOX,1990,2299.407
7290,Canada,NOX,1991,2211.588
7291,Canada,NOX,1992,2250.348
7292,Canada,NOX,1993,2300.251
7293,Canada,NOX,1994,2416.135
7294,Canada,NOX,1995,2475.573
7295,Canada,NOX,1996,2543.158
7296,Canada,NOX,1997,2682.48
7297,Canada,NOX,1998,2720.645
7298,Canada,NOX,1999,2782.88
7299,Canada,NOX,2000,2753.616
7300,Canada,NOX,2001,2618.977
7301,Canada,NOX,2002,2562.667
7302,Canada,NOX,2003,2524.0
7303,Canada,NOX,2004,2386.121
7304,Canada,NOX,2005,2291.259
7305,Canada,NOX,2006,2138.462
7306,Canada,NOX,2007,2145.065
7307,Canada,NOX,2008,2074.08
7308,Canada,NOX,2009,1949.499
7309,Canada,NOX,2010,1962.768
7310,Canada,NOX,2011,1908.425
7311,Canada,NOX,2012,1801.185
7312,Canada,NOX,2013,1755.426
7313,Canada,NOX,2014,1708.849
7314,Canada,NOX,2015,1641.306
7315,Canada,NOX,2016,1583.602
7316,Canada,NOX,2017,1635.052
7317,Canada,NOX,2018,1652.733
7318,Canada,NOX,2019,1643.102
7754,Canada,PM10,1990,6669.249
7755,Canada,PM10,1991,6429.815
7756,Canada,PM10,1992,6378.559
7757,Canada,PM10,1993,6261.898
7758,Canada,PM10,1994,6578.46
7759,Canada,PM10,1995,6374.186
7760,Canada,PM10,1996,6551.051
7761,Canada,PM10,1997,6954.075
7762,Canada,PM10,1998,6293.32
7763,Canada,PM10,1999,6477.585
7764,Canada,PM10,2000,6317.358
7765,Canada,PM10,2001,6480.917
7766,Canada,PM10,2002,6224.143
7767,Canada,PM10,2003,6267.27
7768,Canada,PM10,2004,6180.492
7769,Canada,PM10,2005,6204.239
7770,Canada,PM10,2006,6398.208
7771,Canada,PM10,2007,6859.869
7772,Canada,PM10,2008,7215.716
7773,Canada,PM10,2009,6768.485
7774,Canada,PM10,2010,7227.203
7775,Canada,PM10,2011,7507.945
7776,Canada,PM10,2012,8162.832
7777,Canada,PM10,2013,8290.896
7778,Canada,PM10,2014,8190.14
7779,Canada,PM10,2015,8378.101
7780,Canada,PM10,2016,8419.482
7781,Canada,PM10,2017,8496.125
7782,Canada,PM10,2018,8561.365
7783,Canada,PM10,2019,8586.728
8219,Canada,PM2-5,1990,1682.019
8220,Canada,PM2-5,1991,1630.67
8221,Canada,PM2-5,1992,1595.657
8222,Canada,PM2-5,1993,1574.071
8223,Canada,PM2-5,1994,1611.059
8224,Canada,PM2-5,1995,1554.528
8225,Canada,PM2-5,1996,1563.682
8226,Canada,PM2-5,1997,1600.259
8227,Canada,PM2-5,1998,1417.403
8228,Canada,PM2-5,1999,1428.37
8229,Canada,PM2-5,2000,1386.606
8230,Canada,PM2-5,2001,1356.754
8231,Canada,PM2-5,2002,1280.748
8232,Canada,PM2-5,2003,1281.644
8233,Canada,PM2-5,2004,1247.919
8234,Canada,PM2-5,2005,1244.391
8235,Canada,PM2-5,2006,1251.572
8236,Canada,PM2-5,2007,1331.003
8237,Canada,PM2-5,2008,1394.297
8238,Canada,PM2-5,2009,1278.532
8239,Canada,PM2-5,2010,1347.808
8240,Canada,PM2-5,2011,1386.86
8241,Canada,PM2-5,2012,1491.81
8242,Canada,PM2-5,2013,1506.118
8243,Canada,PM2-5,2014,1501.461
8244,Canada,PM2-5,2015,1509.742
8245,Canada,PM2-5,2016,1501.788
8246,Canada,PM2-5,2017,1503.195
8247,Canada,PM2-5,2018,1510.902
8248,Canada,PM2-5,2019,1508.466
8684,Canada,CO,1990,11589.89
8685,Canada,CO,1991,11385.2
8686,Canada,CO,1992,11325.1
8687,Canada,CO,1993,11596.59
8688,Canada,CO,1994,11566.73
8689,Canada,CO,1995,11431.69
8690,Canada,CO,1996,11083.51
8691,Canada,CO,1997,10765.98
8692,Canada,CO,1998,10490.53
8693,Canada,CO,1999,10296.69
8694,Canada,CO,2000,10078.01
8695,Canada,CO,2001,9253.218
8696,Canada,CO,2002,8929.189
8697,Canada,CO,2003,8779.953
8698,Canada,CO,2004,8287.74
8699,Canada,CO,2005,7419.118
8700,Canada,CO,2006,6924.634
8701,Canada,CO,2007,6852.563
8702,Canada,CO,2008,6638.479
8703,Canada,CO,2009,6308.341
8704,Canada,CO,2010,6083.144
8705,Canada,CO,2011,5687.282
8706,Canada,CO,2012,5419.132
8707,Canada,CO,2013,5375.684
8708,Canada,CO,2014,5285.976
8709,Canada,CO,2015,5187.515
8710,Canada,CO,2016,5095.864
8711,Canada,CO,2017,5154.677
8712,Canada,CO,2018,5141.86
8713,Canada,CO,2019,5092.643
9149,Canada,NMVOC,1990,2871.115
9150,Canada,NMVOC,1991,2812.988
9151,Canada,NMVOC,1992,2834.188
9152,Canada,NMVOC,1993,2919.891
9153,Canada,NMVOC,1994,2947.092
9154,Canada,NMVOC,1995,2943.76
9155,Canada,NMVOC,1996,2936.54
9156,Canada,NMVOC,1997,2869.365
9157,Canada,NMVOC,1998,2812.78
9158,Canada,NMVOC,1999,2744.544
9159,Canada,NMVOC,2000,2677.379
9160,Canada,NMVOC,2001,2445.749
9161,Canada,NMVOC,2002,2414.256
9162,Canada,NMVOC,2003,2355.343
9163,Canada,NMVOC,2004,2315.073
9164,Canada,NMVOC,2005,2269.972
9165,Canada,NMVOC,2006,2151.85
9166,Canada,NMVOC,2007,2127.26
9167,Canada,NMVOC,2008,2080.704
9168,Canada,NMVOC,2009,1923.616
9169,Canada,NMVOC,2010,1881.422
9170,Canada,NMVOC,2011,1745.62
9171,Canada,NMVOC,2012,1753.74
9172,Canada,NMVOC,2013,1786.942
9173,Canada,NMVOC,2014,1805.468
9174,Canada,NMVOC,2015,1721.318
9175,Canada,NMVOC,2016,1612.902
9176,Canada,NMVOC,2017,1628.904
9177,Canada,NMVOC,2018,1673.825
9178,Canada,NMVOC,2019,1643.238
17978,France,SOX,1990,1287.149
17979,France,SOX,1991,1378.854
17980,France,SOX,1992,1227.349
17981,France,SOX,1993,1068.295
17982,France,SOX,1994,995.166
17983,France,SOX,1995,938.174
17984,France,SOX,1996,923.42
17985,France,SOX,1997,781.508
17986,France,SOX,1998,813.873
17987,France,SOX,1999,716.264
17988,France,SOX,2000,616.835
17989,France,SOX,2001,560.783
17990,France,SOX,2002,516.999
17991,France,SOX,2003,498.233
17992,France,SOX,2004,476.533
17993,France,SOX,2005,457.958
17994,France,SOX,2006,425.086
17995,France,SOX,2007,404.011
17996,France,SOX,2008,346.813
17997,France,SOX,2009,292.834
17998,France,SOX,2010,269.687
17999,France,SOX,2011,222.418
18000,France,SOX,2012,219.911
18001,France,SOX,2013,202.394
18002,France,SOX,2014,159.167
18003,France,SOX,2015,152.33
18004,France,SOX,2016,136.678
18005,France,SOX,2017,131.537
18006,France,SOX,2018,122.926
18007,France,SOX,2019,100.255
18443,France,NOX,1990,2094.118
18444,France,NOX,1991,2149.484
18445,France,NOX,1992,2115.187
18446,France,NOX,1993,2017.943
18447,France,NOX,1994,1950.969
18448,France,NOX,1995,1907.601
18449,France,NOX,1996,1868.04
18450,France,NOX,1997,1801.23
18451,France,NOX,1998,1836.808
18452,France,NOX,1999,1798.95
18453,France,NOX,2000,1739.061
18454,France,NOX,2001,1698.572
18455,France,NOX,2002,1657.463
18456,France,NOX,2003,1601.762
18457,France,NOX,2004,1557.53
18458,France,NOX,2005,1505.936
18459,France,NOX,2006,1415.845
18460,France,NOX,2007,1350.598
18461,France,NOX,2008,1267.316
18462,France,NOX,2009,1189.544
18463,France,NOX,2010,1155.201
18464,France,NOX,2011,1099.688
18465,France,NOX,2012,1076.978
18466,France,NOX,2013,1055.01
18467,France,NOX,2014,981.102
18468,France,NOX,2015,960.832
18469,France,NOX,2016,910.539
18470,France,NOX,2017,878.712
18471,France,NOX,2018,821.626
18472,France,NOX,2019,784.375
18908,France,PM10,1990,539.849
18909,France,PM10,1991,585.256
18910,France,PM10,1992,563.29
18911,France,PM10,1993,540.256
18912,France,PM10,1994,504.782
18913,France,PM10,1995,506.491
18914,France,PM10,1996,520.578
18915,France,PM10,1997,482.539
18916,France,PM10,1998,473.083
18917,France,PM10,1999,451.494
18918,France,PM10,2000,420.467
18919,France,PM10,2001,406.371
18920,France,PM10,2002,382.799
18921,France,PM10,2003,382.574
18922,France,PM10,2004,367.726
18923,France,PM10,2005,340.585
18924,France,PM10,2006,312.3
18925,France,PM10,2007,292.186
18926,France,PM10,2008,282.565
18927,France,PM10,2009,264.962
18928,France,PM10,2010,270.413
18929,France,PM10,2011,242.813
18930,France,PM10,2012,247.371
18931,France,PM10,2013,246.418
18932,France,PM10,2014,220.441
18933,France,PM10,2015,223.182
18934,France,PM10,2016,223.347
18935,France,PM10,2017,219.765
18936,France,PM10,2018,210.073
18937,France,PM10,2019,207.313
19373,France,PM2-5,1990,420.266
19374,France,PM2-5,1991,463.772
19375,France,PM2-5,1992,446.883
19376,France,PM2-5,1993,432.57
19377,France,PM2-5,1994,397.155
19378,France,PM2-5,1995,398.849
19379,France,PM2-5,1996,410.479
19380,France,PM2-5,1997,373.343
19381,France,PM2-5,1998,366.557
19382,France,PM2-5,1999,345.361
19383,France,PM2-5,2000,317.091
19384,France,PM2-5,2001,305.263
19385,France,PM2-5,2002,284.277
19386,France,PM2-5,2003,282.827
19387,France,PM2-5,2004,268.52
19388,France,PM2-5,2005,246.66
19389,France,PM2-5,2006,220.761
19390,France,PM2-5,2007,203.444
19391,France,PM2-5,2008,196.002
19392,France,PM2-5,2009,183.385
19393,France,PM2-5,2010,187.406
19394,France,PM2-5,2011,159.925
19395,France,PM2-5,2012,164.681
19396,France,PM2-5,2013,164.905
19397,France,PM2-5,2014,141.816
19398,France,PM2-5,2015,143.39
19399,France,PM2-5,2016,143.397
19400,France,PM2-5,2017,137.368
19401,France,PM2-5,2018,129.194
19402,France,PM2-5,2019,126.082
19838,France,CO,1990,10948.62
19839,France,CO,1991,11314.83
19840,France,CO,1992,10562.88
19841,France,CO,1993,10038.81
19842,France,CO,1994,9373.532
19843,France,CO,1995,9186.984
19844,France,CO,1996,8650.133
19845,France,CO,1997,8034.193
19846,France,CO,1998,7764.684
19847,France,CO,1999,7277.932
19848,France,CO,2000,6607.76
19849,France,CO,2001,6208.835
19850,France,CO,2002,5995.767
19851,France,CO,2003,5689.928
19852,France,CO,2004,5751.191
19853,France,CO,2005,5244.163
19854,France,CO,2006,4655.089
19855,France,CO,2007,4392.954
19856,France,CO,2008,4199.088
19857,France,CO,2009,3745.221
19858,France,CO,2010,4138.956
19859,France,CO,2011,3436.657
19860,France,CO,2012,3146.793
19861,France,CO,2013,3197.185
19862,France,CO,2014,2679.667
19863,France,CO,2015,2641.25
19864,France,CO,2016,2670.143
19865,France,CO,2017,2618.923
19866,France,CO,2018,2497.714
19867,France,CO,2019,2456.63
20303,France,NMVOC,1990,2891.851
20304,France,NMVOC,1991,2924.562
20305,France,NMVOC,1992,2843.79
20306,France,NMVOC,1993,2722.986
20307,France,NMVOC,1994,2576.542
20308,France,NMVOC,1995,2495.66
20309,France,NMVOC,1996,2427.927
20310,France,NMVOC,1997,2311.709
20311,France,NMVOC,1998,2255.471
20312,France,NMVOC,1999,2164.782
20313,France,NMVOC,2000,2060.269
20314,France,NMVOC,2001,1966.781
20315,France,NMVOC,2002,1838.701
20316,France,NMVOC,2003,1786.8
20317,France,NMVOC,2004,1670.535
20318,France,NMVOC,2005,1586.771
20319,France,NMVOC,2006,1485.753
20320,France,NMVOC,2007,1357.146
20321,France,NMVOC,2008,1280.745
20322,France,NMVOC,2009,1208.014
20323,France,NMVOC,2010,1218.547
20324,France,NMVOC,2011,1148.419
20325,France,NMVOC,2012,1099.323
20326,France,NMVOC,2013,1091.981
20327,France,NMVOC,2014,1073.799
20328,France,NMVOC,2015,1046.902
20329,France,NMVOC,2016,1023.964
20330,France,NMVOC,2017,1011.838
20331,France,NMVOC,2018,989.429
20332,France,NMVOC,2019,972.95
20768,Germany,SOX,1990,5460.191
20769,Germany,SOX,1991,3964.131
20770,Germany,SOX,1992,3236.987
20771,Germany,SOX,1993,2901.962
20772,Germany,SOX,1994,2416.259
20773,Germany,SOX,1995,1742.288
20774,Germany,SOX,1996,1475.527
20775,Germany,SOX,1997,1225.301
20776,Germany,SOX,1998,977.466
20777,Germany,SOX,1999,797.689
20778,Germany,SOX,2000,642.651
20779,Germany,SOX,2001,621.843
20780,Germany,SOX,2002,558.748
20781,Germany,SOX,2003,531.332
20782,Germany,SOX,2004,491.46
20783,Germany,SOX,2005,472.74
20784,Germany,SOX,2006,473.973
20785,Germany,SOX,2007,456.617
20786,Germany,SOX,2008,450.457
20787,Germany,SOX,2009,392.476
20788,Germany,SOX,2010,402.783
20789,Germany,SOX,2011,386.719
20790,Germany,SOX,2012,368.35
20791,Germany,SOX,2013,356.698
20792,Germany,SOX,2014,335.261
20793,Germany,SOX,2015,333.768
20794,Germany,SOX,2016,309.311
20795,Germany,SOX,2017,300.803
20796,Germany,SOX,2018,289.478
20797,Germany,SOX,2019,259.468
21233,Germany,NOX,1990,2838.939
21234,Germany,NOX,1991,2617.728
21235,Germany,NOX,1992,2471.899
21236,Germany,NOX,1993,2371.181
21237,Germany,NOX,1994,2244.133
21238,Germany,NOX,1995,2186.215
21239,Germany,NOX,1996,2104.028
21240,Germany,NOX,1997,2030.897
21241,Germany,NOX,1998,2002.98
21242,Germany,NOX,1999,1969.111
21243,Germany,NOX,2000,1893.181
21244,Germany,NOX,2001,1837.112
21245,Germany,NOX,2002,1775.451
21246,Germany,NOX,2003,1729.135
21247,Germany,NOX,2004,1681.968
21248,Germany,NOX,2005,1631.828
21249,Germany,NOX,2006,1641.467
21250,Germany,NOX,2007,1590.84
21251,Germany,NOX,2008,1528.41
21252,Germany,NOX,2009,1432.982
21253,Germany,NOX,2010,1445.182
21254,Germany,NOX,2011,1419.44
21255,Germany,NOX,2012,1410.806
21256,Germany,NOX,2013,1410.042
21257,Germany,NOX,2014,1364.954
21258,Germany,NOX,2015,1342.46
21259,Germany,NOX,2016,1314.744
21260,Germany,NOX,2017,1263.814
21261,Germany,NOX,2018,1179.477
21262,Germany,NOX,2019,1105.5
21698,Germany,PM10,1995,342.257
21699,Germany,PM10,1996,325.67
21700,Germany,PM10,1997,330.832
21701,Germany,PM10,1998,318.71
21702,Germany,PM10,1999,313.081
21703,Germany,PM10,2000,298.471
21704,Germany,PM10,2001,283.633
21705,Germany,PM10,2002,276.29
21706,Germany,PM10,2003,262.505
21707,Germany,PM10,2004,254.893
21708,Germany,PM10,2005,244.932
21709,Germany,PM10,2006,243.825
21710,Germany,PM10,2007,234.571
21711,Germany,PM10,2008,231.46
21712,Germany,PM10,2009,214.526
21713,Germany,PM10,2010,225.746
21714,Germany,PM10,2011,225.356
21715,Germany,PM10,2012,222.316
21716,Germany,PM10,2013,223.727
21717,Germany,PM10,2014,215.704
21718,Germany,PM10,2015,213.788
21719,Germany,PM10,2016,199.011
21720,Germany,PM10,2017,201.767
21721,Germany,PM10,2018,207.235
21722,Germany,PM10,2019,193.803
22067,Germany,PM2-5,1995,202.427
22068,Germany,PM2-5,1996,190.07
22069,Germany,PM2-5,1997,189.304
22070,Germany,PM2-5,1998,179.026
22071,Germany,PM2-5,1999,174.211
22072,Germany,PM2-5,2000,165.542
22073,Germany,PM2-5,2001,159.341
22074,Germany,PM2-5,2002,152.659
22075,Germany,PM2-5,2003,146.239
22076,Germany,PM2-5,2004,141.034
22077,Germany,PM2-5,2005,134.906
22078,Germany,PM2-5,2006,133.853
22079,Germany,PM2-5,2007,128.241
22080,Germany,PM2-5,2008,124.4
22081,Germany,PM2-5,2009,113.104
22082,Germany,PM2-5,2010,118.85
22083,Germany,PM2-5,2011,114.244
22084,Germany,PM2-5,2012,112.657
22085,Germany,PM2-5,2013,110.861
22086,Germany,PM2-5,2014,103.091
22087,Germany,PM2-5,2015,102.38
22088,Germany,PM2-5,2016,96.623
22089,Germany,PM2-5,2017,95.498
22090,Germany,PM2-5,2018,94.488
22091,Germany,PM2-5,2019,89.932
22436,Germany,CO,1990,13081.19
22437,Germany,CO,1991,10839.88
22438,Germany,CO,1992,9344.816
22439,Germany,CO,1993,8453.894
22440,Germany,CO,1994,7450.877
22441,Germany,CO,1995,7099.644
22442,Germany,CO,1996,6541.654
22443,Germany,CO,1997,6312.689
22444,Germany,CO,1998,5809.629
22445,Germany,CO,1999,5407.414
22446,Germany,CO,2000,5084.278
22447,Germany,CO,2001,4891.937
22448,Germany,CO,2002,4596.885
22449,Germany,CO,2003,4273.114
22450,Germany,CO,2004,4061.428
22451,Germany,CO,2005,3837.201
22452,Germany,CO,2006,3808.721
22453,Germany,CO,2007,3769.916
22454,Germany,CO,2008,3747.875
22455,Germany,CO,2009,3206.982
22456,Germany,CO,2010,3513.072
22457,Germany,CO,2011,3429.298
22458,Germany,CO,2012,3175.108
22459,Germany,CO,2013,3133.565
22460,Germany,CO,2014,2964.683
22461,Germany,CO,2015,3068.674
22462,Germany,CO,2016,2946.376
22463,Germany,CO,2017,2961.383
22464,Germany,CO,2018,2852.275
22465,Germany,CO,2019,2752.844
22901,Germany,NMVOC,1990,3892.017
22902,Germany,NMVOC,1991,3380.397
22903,Germany,NMVOC,1992,3066.529
22904,Germany,NMVOC,1993,2884.137
22905,Germany,NMVOC,1994,2469.162
22906,Germany,NMVOC,1995,2341.78
22907,Germany,NMVOC,1996,2244.448
22908,Germany,NMVOC,1997,2189.849
22909,Germany,NMVOC,1998,2132.882
22910,Germany,NMVOC,1999,1971.086
22911,Germany,NMVOC,2000,1805.929
22912,Germany,NMVOC,2001,1710.894
22913,Germany,NMVOC,2002,1619.185
22914,Germany,NMVOC,2003,1537.899
22915,Germany,NMVOC,2004,1534.609
22916,Germany,NMVOC,2005,1487.273
22917,Germany,NMVOC,2006,1483.605
22918,Germany,NMVOC,2007,1421.37
22919,Germany,NMVOC,2008,1359.182
22920,Germany,NMVOC,2009,1245.125
22921,Germany,NMVOC,2010,1361.502
22922,Germany,NMVOC,2011,1272.485
22923,Germany,NMVOC,2012,1256.666
22924,Germany,NMVOC,2013,1212.32
22925,Germany,NMVOC,2014,1173.685
22926,Germany,NMVOC,2015,1147.29
22927,Germany,NMVOC,2016,1140.885
22928,Germany,NMVOC,2017,1145.435
22929,Germany,NMVOC,2018,1098.803
22930,Germany,NMVOC,2019,1072.151
34361,Italy,SOX,1990,1783.828
34362,Italy,SOX,1991,1672.616
34363,Italy,SOX,1992,1574.198
34364,Italy,SOX,1993,1471.71
34365,Italy,SOX,1994,1389.451
34366,Italy,SOX,1995,1322.631
34367,Italy,SOX,1996,1213.873
34368,Italy,SOX,1997,1138.342
34369,Italy,SOX,1998,1004.258
34370,Italy,SOX,1999,903.652
34371,Italy,SOX,2000,756.818
34372,Italy,SOX,2001,705.1
34373,Italy,SOX,2002,623.931
34374,Italy,SOX,2003,526.283
34375,Italy,SOX,2004,489.627
34376,Italy,SOX,2005,411.429
34377,Italy,SOX,2006,389.444
34378,Italy,SOX,2007,348.286
34379,Italy,SOX,2008,293.955
34380,Italy,SOX,2009,241.509
34381,Italy,SOX,2010,222.08
34382,Italy,SOX,2011,199.689
34383,Italy,SOX,2012,179.554
34384,Italy,SOX,2013,148.557
34385,Italy,SOX,2014,131.896
34386,Italy,SOX,2015,125.935
34387,Italy,SOX,2016,120.055
34388,Italy,SOX,2017,116.72
34389,Italy,SOX,2018,109.304
34390,Italy,SOX,2019,104.732
34826,Italy,NOX,1990,2128.125
34827,Italy,NOX,1991,2195.043
34828,Italy,NOX,1992,2233.872
34829,Italy,NOX,1993,2130.466
34830,Italy,NOX,1994,2030.414
34831,Italy,NOX,1995,1992.104
34832,Italy,NOX,1996,1919.814
34833,Italy,NOX,1997,1842.66
34834,Italy,NOX,1998,1729.529
34835,Italy,NOX,1999,1631.806
34836,Italy,NOX,2000,1510.342
34837,Italy,NOX,2001,1480.319
34838,Italy,NOX,2002,1424.399
34839,Italy,NOX,2003,1403.482
34840,Italy,NOX,2004,1353.752
34841,Italy,NOX,2005,1294.15
34842,Italy,NOX,2006,1243.211
34843,Italy,NOX,2007,1176.735
34844,Italy,NOX,2008,1058.058
34845,Italy,NOX,2009,971.118
34846,Italy,NOX,2010,940.908
34847,Italy,NOX,2011,902.539
34848,Italy,NOX,2012,852.533
34849,Italy,NOX,2013,780.854
34850,Italy,NOX,2014,757.444
34851,Italy,NOX,2015,719.233
34852,Italy,NOX,2016,704.194
34853,Italy,NOX,2017,661.562
34854,Italy,NOX,2018,662.057
34855,Italy,NOX,2019,642.426
35291,Italy,PM10,1990,302.544
35292,Italy,PM10,1991,309.843
35293,Italy,PM10,1992,300.737
35294,Italy,PM10,1993,300.398
35295,Italy,PM10,1994,295.729
35296,Italy,PM10,1995,297.406
35297,Italy,PM10,1996,284.108
35298,Italy,PM10,1997,278.036
35299,Italy,PM10,1998,277.417
35300,Italy,PM10,1999,273.606
35301,Italy,PM10,2000,257.164
35302,Italy,PM10,2001,249.23
35303,Italy,PM10,2002,218.183
35304,Italy,PM10,2003,234.972
35305,Italy,PM10,2004,213.022
35306,Italy,PM10,2005,231.57
35307,Italy,PM10,2006,235.714
35308,Italy,PM10,2007,258.919
35309,Italy,PM10,2008,268.426
35310,Italy,PM10,2009,245.779
35311,Italy,PM10,2010,239.905
35312,Italy,PM10,2011,191.708
35313,Italy,PM10,2012,216.083
35314,Italy,PM10,2013,208.02
35315,Italy,PM10,2014,190.004
35316,Italy,PM10,2015,195.04
35317,Italy,PM10,2016,189.54
35318,Italy,PM10,2017,196.517
35319,Italy,PM10,2018,178.411
35320,Italy,PM10,2019,176.088
35756,Italy,PM2-5,1990,230.469
35757,Italy,PM2-5,1991,238.89
35758,Italy,PM2-5,1992,231.293
35759,Italy,PM2-5,1993,232.683
35760,Italy,PM2-5,1994,228.127
35761,Italy,PM2-5,1995,228.3
35762,Italy,PM2-5,1996,217.823
35763,Italy,PM2-5,1997,215.169
35764,Italy,PM2-5,1998,214.6
35765,Italy,PM2-5,1999,211.559
35766,Italy,PM2-5,2000,197.516
35767,Italy,PM2-5,2001,189.193
35768,Italy,PM2-5,2002,159.224
35769,Italy,PM2-5,2003,177.709
35770,Italy,PM2-5,2004,154.892
35771,Italy,PM2-5,2005,176.472
35772,Italy,PM2-5,2006,182.277
35773,Italy,PM2-5,2007,207.041
35774,Italy,PM2-5,2008,219.618
35775,Italy,PM2-5,2009,203.422
35776,Italy,PM2-5,2010,198.649
35777,Italy,PM2-5,2011,151.867
35778,Italy,PM2-5,2012,178.717
35779,Italy,PM2-5,2013,172.266
35780,Italy,PM2-5,2014,154.559
35781,Italy,PM2-5,2015,159.956
35782,Italy,PM2-5,2016,154.974
35783,Italy,PM2-5,2017,162.187
35784,Italy,PM2-5,2018,143.712
35785,Italy,PM2-5,2019,137.882
36221,Italy,CO,1990,6796.102
36222,Italy,CO,1991,7179.007
36223,Italy,CO,1992,7280.029
36224,Italy,CO,1993,7447.718
36225,Italy,CO,1994,7034.518
36226,Italy,CO,1995,7070.711
36227,Italy,CO,1996,6783.705
36228,Italy,CO,1997,6351.944
36229,Italy,CO,1998,5920.943
36230,Italy,CO,1999,5483.349
36231,Italy,CO,2000,4750.211
36232,Italy,CO,2001,4449.554
36233,Italy,CO,2002,3854.917
36234,Italy,CO,2003,3930.379
36235,Italy,CO,2004,3394.229
36236,Italy,CO,2005,3467.228
36237,Italy,CO,2006,3323.148
36238,Italy,CO,2007,3378.741
36239,Italy,CO,2008,3510.26
36240,Italy,CO,2009,3112.146
36241,Italy,CO,2010,3073.075
36242,Italy,CO,2011,2432.598
36243,Italy,CO,2012,2696.829
36244,Italy,CO,2013,2501.757
36245,Italy,CO,2014,2255.625
36246,Italy,CO,2015,2266.319
36247,Italy,CO,2016,2191.196
36248,Italy,CO,2017,2257.648
36249,Italy,CO,2018,2049.231
36250,Italy,CO,2019,2060.156
36686,Italy,NMVOC,1990,1993.378
36687,Italy,NMVOC,1991,2062.883
36688,Italy,NMVOC,1992,2133.322
36689,Italy,NMVOC,1993,2127.992
36690,Italy,NMVOC,1994,2076.92
36691,Italy,NMVOC,1995,2058.175
36692,Italy,NMVOC,1996,2006.847
36693,Italy,NMVOC,1997,1961.432
36694,Italy,NMVOC,1998,1873.404
36695,Italy,NMVOC,1999,1806.582
36696,Italy,NMVOC,2000,1629.76
36697,Italy,NMVOC,2001,1565.919
36698,Italy,NMVOC,2002,1471.12
36699,Italy,NMVOC,2003,1451.206
36700,Italy,NMVOC,2004,1348.37
36701,Italy,NMVOC,2005,1339.615
36702,Italy,NMVOC,2006,1304.27
36703,Italy,NMVOC,2007,1286.028
36704,Italy,NMVOC,2008,1263.663
36705,Italy,NMVOC,2009,1183.116
36706,Italy,NMVOC,2010,1116.059
36707,Italy,NMVOC,2011,1024.962
36708,Italy,NMVOC,2012,1031.604
36709,Italy,NMVOC,2013,996.476
36710,Italy,NMVOC,2014,923.957
36711,Italy,NMVOC,2015,896.905
36712,Italy,NMVOC,2016,880.435
36713,Italy,NMVOC,2017,920.951
36714,Italy,NMVOC,2018,894.224
36715,Italy,NMVOC,2019,887.576
37151,Japan,SOX,1990,1252.561
37152,Japan,SOX,1991,1243.692
37153,Japan,SOX,1992,1201.177
37154,Japan,SOX,1993,1156.097
37155,Japan,SOX,1994,1213.082
37156,Japan,SOX,1995,1203.66
37157,Japan,SOX,1996,1158.805
37158,Japan,SOX,1997,1194.238
37159,Japan,SOX,1998,1119.676
37160,Japan,SOX,1999,1137.102
37161,Japan,SOX,2000,1131.003
37162,Japan,SOX,2001,1124.276
37163,Japan,SOX,2002,1115.206
37164,Japan,SOX,2003,1088.432
37165,Japan,SOX,2004,1058.362
37166,Japan,SOX,2005,1010.68
37167,Japan,SOX,2006,970.29
37168,Japan,SOX,2007,926.746
37169,Japan,SOX,2008,860.17
37170,Japan,SOX,2009,802.588
37171,Japan,SOX,2010,772.106
37172,Japan,SOX,2011,727.927
37173,Japan,SOX,2012,724.123
37174,Japan,SOX,2013,715.403
37175,Japan,SOX,2014,706.975
37176,Japan,SOX,2015,667.041
37177,Japan,SOX,2016,632.957
37178,Japan,SOX,2017,592.963
37179,Japan,SOX,2018,587.262
37180,Japan,SOX,2019,579.267
37614,Japan,NOX,1990,1976.817
37615,Japan,NOX,1991,2024.935
37616,Japan,NOX,1992,1996.19
37617,Japan,NOX,1993,1981.666
37618,Japan,NOX,1994,2017.961
37619,Japan,NOX,1995,2078.201
37620,Japan,NOX,1996,2063.993
37621,Japan,NOX,1997,2088.019
37622,Japan,NOX,1998,1991.293
37623,Japan,NOX,1999,2031.04
37624,Japan,NOX,2000,2040.426
37625,Japan,NOX,2001,2019.488
37626,Japan,NOX,2002,2066.791
37627,Japan,NOX,2003,2047.634
37628,Japan,NOX,2004,1978.28
37629,Japan,NOX,2005,1953.514
37630,Japan,NOX,2006,1869.692
37631,Japan,NOX,2007,1779.931
37632,Japan,NOX,2008,1646.183
37633,Japan,NOX,2009,1558.7
37634,Japan,NOX,2010,1562.105
37635,Japan,NOX,2011,1498.835
37636,Japan,NOX,2012,1452.637
37637,Japan,NOX,2013,1394.012
37638,Japan,NOX,2014,1339.174
37639,Japan,NOX,2015,1281.846
37640,Japan,NOX,2016,1382.145
37641,Japan,NOX,2017,1295.682
37642,Japan,NOX,2018,1256.577
37643,Japan,NOX,2019,1217.804
38077,Japan,CO,1990,4358.0
38078,Japan,CO,1991,4319.347
38079,Japan,CO,1992,4168.705
38080,Japan,CO,1993,4075.905
38081,Japan,CO,1994,4090.257
38082,Japan,CO,1995,4042.089
38083,Japan,CO,1996,3962.817
38084,Japan,CO,1997,3927.127
38085,Japan,CO,1998,3764.678
38086,Japan,CO,1999,3729.09
38087,Japan,CO,2000,3763.996
38088,Japan,CO,2001,3573.341
38089,Japan,CO,2002,3445.326
38090,Japan,CO,2003,3373.809
38091,Japan,CO,2004,3276.713
38092,Japan,CO,2005,2955.893
38093,Japan,CO,2006,2961.541
38094,Japan,CO,2007,2953.981
38095,Japan,CO,2008,2758.477
38096,Japan,CO,2009,2662.461
38097,Japan,CO,2010,3295.68
38098,Japan,CO,2011,2726.19
38099,Japan,CO,2012,2806.348
38100,Japan,CO,2013,2721.592
38101,Japan,CO,2014,2621.274
38102,Japan,CO,2015,2719.837
38103,Japan,CO,2016,3206.025
38104,Japan,CO,2017,3343.667
38105,Japan,CO,2018,3242.26
38106,Japan,CO,2019,3176.756
38540,Japan,NMVOC,1990,2183.997
38541,Japan,NMVOC,1991,2141.356
38542,Japan,NMVOC,1992,2069.492
38543,Japan,NMVOC,1993,2009.667
38544,Japan,NMVOC,1994,2006.3
38545,Japan,NMVOC,1995,1979.423
38546,Japan,NMVOC,1996,1989.713
38547,Japan,NMVOC,1997,1922.738
38548,Japan,NMVOC,1998,1768.776
38549,Japan,NMVOC,1999,1758.108
38550,Japan,NMVOC,2000,1777.178
38551,Japan,NMVOC,2001,1608.733
38552,Japan,NMVOC,2002,1541.931
38553,Japan,NMVOC,2003,1482.022
38554,Japan,NMVOC,2004,1439.66
38555,Japan,NMVOC,2005,1393.281
38556,Japan,NMVOC,2006,1357.531
38557,Japan,NMVOC,2007,1294.482
38558,Japan,NMVOC,2008,1165.183
38559,Japan,NMVOC,2009,1066.521
38560,Japan,NMVOC,2010,1069.69
38561,Japan,NMVOC,2011,1014.911
38562,Japan,NMVOC,2012,978.79
38563,Japan,NMVOC,2013,975.329
38564,Japan,NMVOC,2014,942.753
38565,Japan,NMVOC,2015,931.707
38566,Japan,NMVOC,2016,938.009
38567,Japan,NMVOC,2017,922.262
38568,Japan,NMVOC,2018,906.606
38569,Japan,NMVOC,2019,881.675
39005,Korea,SOX,1999,484.716
39006,Korea,SOX,2000,490.761
39007,Korea,SOX,2001,487.734
39008,Korea,SOX,2002,474.084
39009,Korea,SOX,2003,469.145
39010,Korea,SOX,2004,446.804
39011,Korea,SOX,2005,408.462
39012,Korea,SOX,2006,446.488
39013,Korea,SOX,2007,402.525
39014,Korea,SOX,2008,417.98
39015,Korea,SOX,2009,387.727
39016,Korea,SOX,2010,401.741
39017,Korea,SOX,2011,433.959
39018,Korea,SOX,2012,417.645
39019,Korea,SOX,2013,404.66
39020,Korea,SOX,2014,343.161
39021,Korea,SOX,2015,352.213
39022,Korea,SOX,2016,358.873
39023,Korea,SOX,2017,315.453
39024,Korea,SOX,2018,300.904
39025,Korea,SOX,2019,272.783
39257,Korea,NOX,1999,1072.323
39258,Korea,NOX,2000,1122.844
39259,Korea,NOX,2001,1219.02
39260,Korea,NOX,2002,1242.265
39261,Korea,NOX,2003,1362.141
39262,Korea,NOX,2004,1377.526
39263,Korea,NOX,2005,1306.724
39264,Korea,NOX,2006,1274.969
39265,Korea,NOX,2007,1187.76
39266,Korea,NOX,2008,1044.925
39267,Korea,NOX,2009,1014.133
39268,Korea,NOX,2010,1061.051
39269,Korea,NOX,2011,1040.017
39270,Korea,NOX,2012,1075.052
39271,Korea,NOX,2013,1090.449
39272,Korea,NOX,2014,1135.59
39273,Korea,NOX,2015,1154.829
39274,Korea,NOX,2016,1245.434
39275,Korea,NOX,2017,1186.898
39276,Korea,NOX,2018,1150.411
39277,Korea,NOX,2019,1084.023
39514,Korea,PM10,1999,63.251
39515,Korea,PM10,2000,61.719
39516,Korea,PM10,2001,67.368
39517,Korea,PM10,2002,65.1
39518,Korea,PM10,2003,66.357
39519,Korea,PM10,2004,62.491
39520,Korea,PM10,2005,67.316
39521,Korea,PM10,2006,64.795
39522,Korea,PM10,2007,97.849
39523,Korea,PM10,2008,110.477
39524,Korea,PM10,2009,103.393
39525,Korea,PM10,2010,116.52
39526,Korea,PM10,2011,130.79
39527,Korea,PM10,2012,119.709
39528,Korea,PM10,2013,121.253
39529,Korea,PM10,2014,97.646
39530,Korea,PM10,2015,146.349
39531,Korea,PM10,2016,150.081
39532,Korea,PM10,2017,134.854
39533,Korea,PM10,2018,147.361
39534,Korea,PM10,2019,129.332
39771,Korea,PM2-5,2011,81.446
39772,Korea,PM2-5,2012,76.043
39773,Korea,PM2-5,2013,76.523
39774,Korea,PM2-5,2014,63.041
39775,Korea,PM2-5,2015,84.32
39776,Korea,PM2-5,2016,86.318
39777,Korea,PM2-5,2017,77.644
39778,Korea,PM2-5,2018,84.206
39779,Korea,PM2-5,2019,73.844
39884,Korea,CO,1999,885.179
39885,Korea,CO,2000,900.569
39886,Korea,CO,2001,845.076
39887,Korea,CO,2002,822.767
39888,Korea,CO,2003,805.414
39889,Korea,CO,2004,816.954
39890,Korea,CO,2005,788.917
39891,Korea,CO,2006,829.938
39892,Korea,CO,2007,801.992
39893,Korea,CO,2008,696.13
39894,Korea,CO,2009,810.246
39895,Korea,CO,2010,759.624
39896,Korea,CO,2011,710.284
39897,Korea,CO,2012,697.054
39898,Korea,CO,2013,689.817
39899,Korea,CO,2014,587.995
39900,Korea,CO,2015,714.939
39901,Korea,CO,2016,718.277
39902,Korea,CO,2017,740.078
39903,Korea,CO,2018,733.444
39904,Korea,CO,2019,679.15
40141,Korea,NMVOC,1999,641.105
40142,Korea,NMVOC,2000,680.365
40143,Korea,NMVOC,2001,708.255
40144,Korea,NMVOC,2002,714.478
40145,Korea,NMVOC,2003,732.357
40146,Korea,NMVOC,2004,771.599
40147,Korea,NMVOC,2005,730.488
40148,Korea,NMVOC,2006,768.034
40149,Korea,NMVOC,2007,844.349
40150,Korea,NMVOC,2008,826.545
40151,Korea,NMVOC,2009,817.317
40152,Korea,NMVOC,2010,830.267
40153,Korea,NMVOC,2011,846.987
40154,Korea,NMVOC,2012,883.788
40155,Korea,NMVOC,2013,885.695
40156,Korea,NMVOC,2014,877.606
40157,Korea,NMVOC,2015,960.87
40158,Korea,NMVOC,2016,973.415
40159,Korea,NMVOC,2017,996.448
40160,Korea,NMVOC,2018,984.86
40161,Korea,NMVOC,2019,970.601
59265,Spain,SOX,1990,2051.215
59266,Spain,SOX,1991,2073.728
59267,Spain,SOX,1992,2056.439
59268,Spain,SOX,1993,1955.632
59269,Spain,SOX,1994,1905.461
59270,Spain,SOX,1995,1768.082
59271,Spain,SOX,1996,1555.99
59272,Spain,SOX,1997,1623.761
59273,Spain,SOX,1998,1495.103
59274,Spain,SOX,1999,1509.595
59275,Spain,SOX,2000,1388.421
59276,Spain,SOX,2001,1330.2
59277,Spain,SOX,2002,1474.297
59278,Spain,SOX,2003,1221.468
59279,Spain,SOX,2004,1252.818
59280,Spain,SOX,2005,1206.957
59281,Spain,SOX,2006,1075.943
59282,Spain,SOX,2007,1046.417
59283,Spain,SOX,2008,384.358
59284,Spain,SOX,2009,286.043
59285,Spain,SOX,2010,244.897
59286,Spain,SOX,2011,281.413
59287,Spain,SOX,2012,284.615
59288,Spain,SOX,2013,221.524
59289,Spain,SOX,2014,242.254
59290,Spain,SOX,2015,259.908
59291,Spain,SOX,2016,216.565
59292,Spain,SOX,2017,220.018
59293,Spain,SOX,2018,198.608
59294,Spain,SOX,2019,151.004
59730,Spain,NOX,1990,1329.135
59731,Spain,NOX,1991,1370.606
59732,Spain,NOX,1992,1391.188
59733,Spain,NOX,1993,1328.247
59734,Spain,NOX,1994,1334.76
59735,Spain,NOX,1995,1341.438
59736,Spain,NOX,1996,1326.66
59737,Spain,NOX,1997,1345.837
59738,Spain,NOX,1998,1342.887
59739,Spain,NOX,1999,1347.306
59740,Spain,NOX,2000,1354.729
59741,Spain,NOX,2001,1322.911
59742,Spain,NOX,2002,1346.596
59743,Spain,NOX,2003,1356.427
59744,Spain,NOX,2004,1372.883
59745,Spain,NOX,2005,1349.191
59746,Spain,NOX,2006,1319.794
59747,Spain,NOX,2007,1320.354
59748,Spain,NOX,2008,1127.011
59749,Spain,NOX,2009,1009.996
59750,Spain,NOX,2010,956.231
59751,Spain,NOX,2011,954.03
59752,Spain,NOX,2012,904.328
59753,Spain,NOX,2013,832.515
59754,Spain,NOX,2014,827.009
59755,Spain,NOX,2015,849.357
59756,Spain,NOX,2016,808.819
59757,Spain,NOX,2017,812.283
59758,Spain,NOX,2018,800.245
59759,Spain,NOX,2019,743.607
60195,Spain,PM10,2000,261.021
60196,Spain,PM10,2001,253.505
60197,Spain,PM10,2002,250.523
60198,Spain,PM10,2003,268.682
60199,Spain,PM10,2004,254.546
60200,Spain,PM10,2005,248.36
60201,Spain,PM10,2006,254.861
60202,Spain,PM10,2007,254.895
60203,Spain,PM10,2008,225.477
60204,Spain,PM10,2009,222.985
60205,Spain,PM10,2010,216.492
60206,Spain,PM10,2011,216.985
60207,Spain,PM10,2012,191.46
60208,Spain,PM10,2013,209.788
60209,Spain,PM10,2014,188.387
60210,Spain,PM10,2015,202.687
60211,Spain,PM10,2016,190.582
60212,Spain,PM10,2017,187.285
60213,Spain,PM10,2018,205.99
60214,Spain,PM10,2019,186.525
60499,Spain,PM2-5,2000,176.335
60500,Spain,PM2-5,2001,169.121
60501,Spain,PM2-5,2002,163.093
60502,Spain,PM2-5,2003,178.588
60503,Spain,PM2-5,2004,163.465
60504,Spain,PM2-5,2005,157.338
60505,Spain,PM2-5,2006,161.716
60506,Spain,PM2-5,2007,162.393
60507,Spain,PM2-5,2008,148.708
60508,Spain,PM2-5,2009,154.667
60509,Spain,PM2-5,2010,152.213
60510,Spain,PM2-5,2011,154.895
60511,Spain,PM2-5,2012,134.475
60512,Spain,PM2-5,2013,154.46
60513,Spain,PM2-5,2014,133.263
60514,Spain,PM2-5,2015,144.167
60515,Spain,PM2-5,2016,128.569
60516,Spain,PM2-5,2017,128.318
60517,Spain,PM2-5,2018,144.883
60518,Spain,PM2-5,2019,127.046
60803,Spain,CO,1990,4141.845
60804,Spain,CO,1991,4212.881
60805,Spain,CO,1992,4226.798
60806,Spain,CO,1993,3911.804
60807,Spain,CO,1994,3639.4
60808,Spain,CO,1995,3143.827
60809,Spain,CO,1996,3574.467
60810,Spain,CO,1997,3402.351
60811,Spain,CO,1998,3276.568
60812,Spain,CO,1999,3012.569
60813,Spain,CO,2000,2664.096
60814,Spain,CO,2001,2517.902
60815,Spain,CO,2002,2296.833
60816,Spain,CO,2003,2443.528
60817,Spain,CO,2004,2207.663
60818,Spain,CO,2005,2034.875
60819,Spain,CO,2006,2042.816
60820,Spain,CO,2007,2011.718
60821,Spain,CO,2008,1863.271
60822,Spain,CO,2009,1895.065
60823,Spain,CO,2010,1910.459
60824,Spain,CO,2011,1894.082
60825,Spain,CO,2012,1589.788
60826,Spain,CO,2013,1899.802
60827,Spain,CO,2014,1642.577
60828,Spain,CO,2015,1785.111
60829,Spain,CO,2016,1638.054
60830,Spain,CO,2017,1634.311
60831,Spain,CO,2018,1848.592
60832,Spain,CO,2019,1590.667
61268,Spain,NMVOC,1990,1049.833
61269,Spain,NMVOC,1991,1050.967
61270,Spain,NMVOC,1992,1035.663
61271,Spain,NMVOC,1993,952.575
61272,Spain,NMVOC,1994,950.511
61273,Spain,NMVOC,1995,923.354
61274,Spain,NMVOC,1996,950.239
61275,Spain,NMVOC,1997,938.958
61276,Spain,NMVOC,1998,961.554
61277,Spain,NMVOC,1999,924.292
61278,Spain,NMVOC,2000,881.753
61279,Spain,NMVOC,2001,853.792
61280,Spain,NMVOC,2002,828.296
61281,Spain,NMVOC,2003,795.123
61282,Spain,NMVOC,2004,775.092
61283,Spain,NMVOC,2005,737.681
61284,Spain,NMVOC,2006,707.554
61285,Spain,NMVOC,2007,689.412
61286,Spain,NMVOC,2008,638.88
61287,Spain,NMVOC,2009,585.743
61288,Spain,NMVOC,2010,585.033
61289,Spain,NMVOC,2011,565.523
61290,Spain,NMVOC,2012,542.704
61291,Spain,NMVOC,2013,530.464
61292,Spain,NMVOC,2014,525.825
61293,Spain,NMVOC,2015,539.934
61294,Spain,NMVOC,2016,544.564
61295,Spain,NMVOC,2017,564.765
61296,Spain,NMVOC,2018,578.826
61297,Spain,NMVOC,2019,570.458
69909,United Kingdom,SOX,1990,3574.295
69910,United Kingdom,SOX,1991,3505.929
69911,United Kingdom,SOX,1992,3413.493
69912,United Kingdom,SOX,1993,3101.399
69913,United Kingdom,SOX,1994,2819.644
69914,United Kingdom,SOX,1995,2535.002
69915,United Kingdom,SOX,1996,2154.998
69916,United Kingdom,SOX,1997,1755.791
69917,United Kingdom,SOX,1998,1753.441
69918,United Kingdom,SOX,1999,1352.446
69919,United Kingdom,SOX,2000,1291.487
69920,United Kingdom,SOX,2001,1222.184
69921,United Kingdom,SOX,2002,1097.855
69922,United Kingdom,SOX,2003,1067.447
69923,United Kingdom,SOX,2004,904.319
69924,United Kingdom,SOX,2005,787.631
69925,United Kingdom,SOX,2006,741.517
69926,United Kingdom,SOX,2007,645.674
69927,United Kingdom,SOX,2008,543.773
69928,United Kingdom,SOX,2009,446.572
69929,United Kingdom,SOX,2010,454.622
69930,United Kingdom,SOX,2011,426.82
69931,United Kingdom,SOX,2012,460.773
69932,United Kingdom,SOX,2013,397.679
69933,United Kingdom,SOX,2014,323.576
69934,United Kingdom,SOX,2015,260.928
69935,United Kingdom,SOX,2016,190.486
69936,United Kingdom,SOX,2017,186.041
69937,United Kingdom,SOX,2018,172.818
69938,United Kingdom,SOX,2019,155.428
70374,United Kingdom,NOX,1990,3099.123
70375,United Kingdom,NOX,1991,3017.654
70376,United Kingdom,NOX,1992,2970.996
70377,United Kingdom,NOX,1993,2830.038
70378,United Kingdom,NOX,1994,2774.477
70379,United Kingdom,NOX,1995,2641.111
70380,United Kingdom,NOX,1996,2557.417
70381,United Kingdom,NOX,1997,2381.857
70382,United Kingdom,NOX,1998,2300.459
70383,United Kingdom,NOX,1999,2182.519
70384,United Kingdom,NOX,2000,2094.684
70385,United Kingdom,NOX,2001,2038.392
70386,United Kingdom,NOX,2002,1938.829
70387,United Kingdom,NOX,2003,1900.281
70388,United Kingdom,NOX,2004,1837.344
70389,United Kingdom,NOX,2005,1813.479
70390,United Kingdom,NOX,2006,1744.41
70391,United Kingdom,NOX,2007,1665.942
70392,United Kingdom,NOX,2008,1492.443
70393,United Kingdom,NOX,2009,1299.798
70394,United Kingdom,NOX,2010,1271.983
70395,United Kingdom,NOX,2011,1179.363
70396,United Kingdom,NOX,2012,1199.097
70397,United Kingdom,NOX,2013,1131.794
70398,United Kingdom,NOX,2014,1054.572
70399,United Kingdom,NOX,2015,1017.534
70400,United Kingdom,NOX,2016,927.052
70401,United Kingdom,NOX,2017,892.044
70402,United Kingdom,NOX,2018,850.806
70403,United Kingdom,NOX,2019,793.813
70839,United Kingdom,PM10,1990,392.331
70840,United Kingdom,PM10,1991,389.222
70841,United Kingdom,PM10,1992,369.982
70842,United Kingdom,PM10,1993,339.429
70843,United Kingdom,PM10,1994,321.764
70844,United Kingdom,PM10,1995,296.65
70845,United Kingdom,PM10,1996,293.28
70846,United Kingdom,PM10,1997,275.555
70847,United Kingdom,PM10,1998,260.248
70848,United Kingdom,PM10,1999,253.65
70849,United Kingdom,PM10,2000,237.761
70850,United Kingdom,PM10,2001,241.344
70851,United Kingdom,PM10,2002,212.408
70852,United Kingdom,PM10,2003,224.214
70853,United Kingdom,PM10,2004,207.569
70854,United Kingdom,PM10,2005,202.742
70855,United Kingdom,PM10,2006,196.741
70856,United Kingdom,PM10,2007,182.249
70857,United Kingdom,PM10,2008,165.978
70858,United Kingdom,PM10,2009,154.345
70859,United Kingdom,PM10,2010,166.172
70860,United Kingdom,PM10,2011,153.244
70861,United Kingdom,PM10,2012,147.815
70862,United Kingdom,PM10,2013,154.531
70863,United Kingdom,PM10,2014,149.473
70864,United Kingdom,PM10,2015,147.119
70865,United Kingdom,PM10,2016,148.469
70866,United Kingdom,PM10,2017,154.98
70867,United Kingdom,PM10,2018,153.186
70868,United Kingdom,PM10,2019,149.37
71304,United Kingdom,PM2-5,1990,251.439
71305,United Kingdom,PM2-5,1991,250.128
71306,United Kingdom,PM2-5,1992,242.874
71307,United Kingdom,PM2-5,1993,223.608
71308,United Kingdom,PM2-5,1994,214.521
71309,United Kingdom,PM2-5,1995,194.983
71310,United Kingdom,PM2-5,1996,189.432
71311,United Kingdom,PM2-5,1997,179.476
71312,United Kingdom,PM2-5,1998,169.954
71313,United Kingdom,PM2-5,1999,166.053
71314,United Kingdom,PM2-5,2000,148.997
71315,United Kingdom,PM2-5,2001,145.545
71316,United Kingdom,PM2-5,2002,129.352
71317,United Kingdom,PM2-5,2003,128.034
71318,United Kingdom,PM2-5,2004,124.682
71319,United Kingdom,PM2-5,2005,123.301
71320,United Kingdom,PM2-5,2006,121.288
71321,United Kingdom,PM2-5,2007,111.803
71322,United Kingdom,PM2-5,2008,102.939
71323,United Kingdom,PM2-5,2009,95.309
71324,United Kingdom,PM2-5,2010,98.961
71325,United Kingdom,PM2-5,2011,91.541
71326,United Kingdom,PM2-5,2012,91.602
71327,United Kingdom,PM2-5,2013,91.858
71328,United Kingdom,PM2-5,2014,88.823
71329,United Kingdom,PM2-5,2015,87.243
71330,United Kingdom,PM2-5,2016,84.774
71331,United Kingdom,PM2-5,2017,86.301
71332,United Kingdom,PM2-5,2018,89.071
71333,United Kingdom,PM2-5,2019,85.73
71769,United Kingdom,CO,1990,8388.302
71770,United Kingdom,CO,1991,8506.974
71771,United Kingdom,CO,1992,8222.921
71772,United Kingdom,CO,1993,7961.398
71773,United Kingdom,CO,1994,7356.149
71774,United Kingdom,CO,1995,6755.289
71775,United Kingdom,CO,1996,6843.83
71776,United Kingdom,CO,1997,6269.591
71777,United Kingdom,CO,1998,5857.412
71778,United Kingdom,CO,1999,5581.701
71779,United Kingdom,CO,2000,4955.354
71780,United Kingdom,CO,2001,4633.796
71781,United Kingdom,CO,2002,4138.387
71782,United Kingdom,CO,2003,3749.718
71783,United Kingdom,CO,2004,3503.082
71784,United Kingdom,CO,2005,3213.438
71785,United Kingdom,CO,2006,2992.52
71786,United Kingdom,CO,2007,2796.44
71787,United Kingdom,CO,2008,2554.896
71788,United Kingdom,CO,2009,2027.33
71789,United Kingdom,CO,2010,1914.122
71790,United Kingdom,CO,2011,1740.975
71791,United Kingdom,CO,2012,1687.273
71792,United Kingdom,CO,2013,1673.916
71793,United Kingdom,CO,2014,1598.948
71794,United Kingdom,CO,2015,1546.166
71795,United Kingdom,CO,2016,1412.435
71796,United Kingdom,CO,2017,1409.102
71797,United Kingdom,CO,2018,1399.817
71798,United Kingdom,CO,2019,1352.094
72234,United Kingdom,NMVOC,1990,2929.185
72235,United Kingdom,NMVOC,1991,2887.331
72236,United Kingdom,NMVOC,1992,2803.417
72237,United Kingdom,NMVOC,1993,2683.636
72238,United Kingdom,NMVOC,1994,2527.568
72239,United Kingdom,NMVOC,1995,2389.107
72240,United Kingdom,NMVOC,1996,2343.375
72241,United Kingdom,NMVOC,1997,2241.954
72242,United Kingdom,NMVOC,1998,2108.808
72243,United Kingdom,NMVOC,1999,1907.836
72244,United Kingdom,NMVOC,2000,1769.287
72245,United Kingdom,NMVOC,2001,1673.315
72246,United Kingdom,NMVOC,2002,1568.559
72247,United Kingdom,NMVOC,2003,1467.026
72248,United Kingdom,NMVOC,2004,1353.428
72249,United Kingdom,NMVOC,2005,1262.533
72250,United Kingdom,NMVOC,2006,1204.326
72251,United Kingdom,NMVOC,2007,1157.839
72252,United Kingdom,NMVOC,2008,1068.887
72253,United Kingdom,NMVOC,2009,954.552
72254,United Kingdom,NMVOC,2010,915.78
72255,United Kingdom,NMVOC,2011,886.484
72256,United Kingdom,NMVOC,2012,869.245
72257,United Kingdom,NMVOC,2013,841.127
72258,United Kingdom,NMVOC,2014,826.576
72259,United Kingdom,NMVOC,2015,826.433
72260,United Kingdom,NMVOC,2016,811.678
72261,United Kingdom,NMVOC,2017,820.704
72262,United Kingdom,NMVOC,2018,836.873
72263,United Kingdom,NMVOC,2019,821.504
72699,United States,SOX,1990,20924.703
72700,United States,SOX,1991,20287.714
72701,United States,SOX,1992,20024.391
72702,United States,SOX,1993,19744.548
72703,United States,SOX,1994,19351.945
72704,United States,SOX,1995,16882.4
72705,United States,SOX,1996,16665.694
72706,United States,SOX,1997,17085.914
72707,United States,SOX,1998,17181.195
72708,United States,SOX,1999,15856.283
72709,United States,SOX,2000,14767.108
72710,United States,SOX,2001,14413.253
72711,United States,SOX,2002,13564.209
72712,United States,SOX,2003,13360.887
72713,United States,SOX,2004,13146.333
72714,United States,SOX,2005,13145.176
72715,United States,SOX,2006,11854.056
72716,United States,SOX,2007,10562.935
72717,United States,SOX,2008,9302.125
72718,United States,SOX,2009,8182.259
72719,United States,SOX,2010,6951.162
72720,United States,SOX,2011,5790.66
72721,United States,SOX,2012,4520.992
72722,United States,SOX,2013,4334.222
72723,United States,SOX,2014,4175.849
72724,United States,SOX,2015,3514.112
72725,United States,SOX,2016,2841.912
72726,United States,SOX,2017,2181.042
72727,United States,SOX,2018,2117.697
72728,United States,SOX,2019,1761.562
73164,United States,NOX,1990,22829.973
73165,United States,NOX,1991,22619.276
73166,United States,NOX,1992,22704.726
73167,United States,NOX,1993,22790.91
73168,United States,NOX,1994,22651.256
73169,United States,NOX,1995,22404.943
73170,United States,NOX,1996,22119.691
73171,United States,NOX,1997,22249.842
73172,United States,NOX,1998,21932.287
73173,United States,NOX,1999,20510.518
73174,United States,NOX,2000,20262.523
73175,United States,NOX,2001,19393.71
73176,United States,NOX,2002,21632.312
73177,United States,NOX,2003,20445.527
73178,United States,NOX,2004,19248.535
73179,United States,NOX,2005,18380.739
73180,United States,NOX,2006,17357.631
73181,United States,NOX,2007,16334.523
73182,United States,NOX,2008,15252.744
73183,United States,NOX,2009,14220.664
73184,United States,NOX,2010,13381.276
73185,United States,NOX,2011,13003.906
73186,United States,NOX,2012,12423.179
73187,United States,NOX,2013,11842.452
73188,United States,NOX,2014,11312.954
73189,United States,NOX,2015,10489.687
73190,United States,NOX,2016,9239.463
73191,United States,NOX,2017,8716.058
73192,United States,NOX,2018,8194.807
73193,United States,NOX,2019,7714.427
73629,United States,PM10,1990,25177.522
73630,United States,PM10,1991,24807.384
73631,United States,PM10,1992,24583.306
73632,United States,PM10,1993,24824.621
73633,United States,PM10,1994,25953.178
73634,United States,PM10,1995,23423.904
73635,United States,PM10,1996,20735.868
73636,United States,PM10,1997,20782.708
73637,United States,PM10,1998,20768.228
73638,United States,PM10,1999,21213.407
73639,United States,PM10,2000,21543.167
73640,United States,PM10,2001,21507.529
73641,United States,PM10,2002,18362.821
73642,United States,PM10,2003,18443.204
73643,United States,PM10,2004,18519.917
73644,United States,PM10,2005,18594.439
73645,United States,PM10,2006,18684.806
73646,United States,PM10,2007,18775.174
73647,United States,PM10,2008,18508.693
73648,United States,PM10,2009,18163.33
73649,United States,PM10,2010,17822.027
73650,United States,PM10,2011,17596.539
73651,United States,PM10,2012,16913.413
73652,United States,PM10,2013,16230.286
73653,United States,PM10,2014,15547.16
73654,United States,PM10,2015,14950.863
73655,United States,PM10,2016,14319.802
73656,United States,PM10,2017,13682.383
73657,United States,PM10,2018,13522.404
73658,United States,PM10,2019,13085.196
74094,United States,PM2-5,1990,6858.432
74095,United States,PM2-5,1991,6640.704
74096,United States,PM2-5,1992,6530.026
74097,United States,PM2-5,1993,6485.573
74098,United States,PM2-5,1994,6842.102
74099,United States,PM2-5,1995,6285.989
74100,United States,PM2-5,1996,6100.325
74101,United States,PM2-5,1997,5675.849
74102,United States,PM2-5,1998,5679.64
74103,United States,PM2-5,1999,6541.609
74104,United States,PM2-5,2000,6611.687
74105,United States,PM2-5,2001,6346.438
74106,United States,PM2-5,2002,4240.357
74107,United States,PM2-5,2003,4315.619
74108,United States,PM2-5,2004,4389.449
74109,United States,PM2-5,2005,4462.487
74110,United States,PM2-5,2006,4593.526
74111,United States,PM2-5,2007,4724.565
74112,United States,PM2-5,2008,4550.096
74113,United States,PM2-5,2009,4526.303
74114,United States,PM2-5,2010,4504.661
74115,United States,PM2-5,2011,4512.807
74116,United States,PM2-5,2012,4367.639
74117,United States,PM2-5,2013,4222.47
74118,United States,PM2-5,2014,4077.302
74119,United States,PM2-5,2015,3939.963
74120,United States,PM2-5,2016,3786.711
74121,United States,PM2-5,2017,3652.227
74122,United States,PM2-5,2018,3771.162
74123,United States,PM2-5,2019,3606.182
74559,United States,CO,1990,129789.475
74560,United States,CO,1991,125656.272
74561,United States,CO,1992,121529.419
74562,United States,CO,1993,116865.504
74563,United States,CO,1994,112403.894
74564,United States,CO,1995,108392.256
74565,United States,CO,1996,103277.291
74566,United States,CO,1997,100330.752
74567,United States,CO,1998,98155.403
74568,United States,CO,1999,93560.598
74569,United States,CO,2000,92082.828
74570,United States,CO,2001,88530.711
74571,United States,CO,2002,79816.663
74572,United States,CO,2003,77602.959
74573,United States,CO,2004,75384.361
74574,United States,CO,2005,73161.908
74575,United States,CO,2006,70704.493
74576,United States,CO,2007,68247.078
74577,United States,CO,2008,61195.15
74578,United States,CO,2009,54933.143
74579,United States,CO,2010,55857.149
74580,United States,CO,2011,55393.766
74581,United States,CO,2012,53576.297
74582,United States,CO,2013,51758.828
74583,United States,CO,2014,49941.359
74584,United States,CO,2015,48107.47
74585,United States,CO,2016,43924.212
74586,United States,CO,2017,42745.097
74587,United States,CO,2018,43022.716
74588,United States,CO,2019,41198.611
75024,United States,NMVOC,1990,20979.0
75025,United States,NMVOC,1991,20773.973
75026,United States,NMVOC,1992,20556.245
75027,United States,NMVOC,1993,20187.014
75028,United States,NMVOC,1994,19896.71
75029,United States,NMVOC,1995,19575.562
75030,United States,NMVOC,1996,17238.017
75031,United States,NMVOC,1997,17042.561
75032,United States,NMVOC,1998,16453.008
75033,United States,NMVOC,1999,15969.353
75034,United States,NMVOC,2000,15329.42
75035,United States,NMVOC,2001,15149.274
75036,United States,NMVOC,2002,15491.324
75037,United States,NMVOC,2003,15147.967
75038,United States,NMVOC,2004,14787.69
75039,United States,NMVOC,2005,14411.177
75040,United States,NMVOC,2006,14546.107
75041,United States,NMVOC,2007,14681.037
75042,United States,NMVOC,2008,13528.368
75043,United States,NMVOC,2009,13378.082
75044,United States,NMVOC,2010,13597.458
75045,United States,NMVOC,2011,13846.608
75046,United States,NMVOC,2012,13590.611
75047,United States,NMVOC,2013,13334.615
75048,United States,NMVOC,2014,13078.619
75049,United States,NMVOC,2015,12577.029
75050,United States,NMVOC,2016,11786.691
75051,United States,NMVOC,2017,11437.006
75052,United States,NMVOC,2018,11735.196
75053,United States,NMVOC,2019,10980.597
